system,peptide,solvent,site,partner,matched_cutoff_nm,coord,per_atom,ci95,tau_int_ns,N_eff,n_starts
CME_glyceline,CME,glyceline,backbone_O,choline_N,0.423,0.1862361111111111,0.0620787037037037,0.040135703999331244,1.180771111234923,442.5800208596464,4
CME_glyceline,CME,glyceline,backbone_O,water_O,0.338,2.697777777777778,0.8992592592592592,0.2996426389402594,5.862231843994873,231.07224311510865,4
CME_glyceline,CME,glyceline,motif_Cys,choline_N,0.442,0.08619444444444443,0.08619444444444443,0.006028196882482878,0.08474687043710608,2126.8004338531596,4
CME_glyceline,CME,glyceline,motif_Cys,glycerol_O,0.412,0.38406944444444446,0.38406944444444446,0.018900453925452174,0.1518132485411609,1213.9134816203941,4
CME_glyceline,CME,glyceline,motif_Glu,choline_N,0.548,0.40884722222222225,0.20442361111111113,0.028075410053974504,0.26772849260074333,697.8671055948345,4
CME_glyceline,CME,glyceline,motif_Glu,glycerol_O,0.317,0.4986111111111111,0.24930555555555556,0.042672820939923625,0.45023883554411553,421.4515919745079,4
CME_glyceline,CME,glyceline,motif_Glu,water_O,0.327,4.2552916666666665,2.1276458333333332,0.10926109249314915,1.115155650351664,173.5411878913661,4
CME_glyceline,CME,glyceline,motif_Met,choline_N,0.447,0.08972222222222222,0.08972222222222222,0.006920930799234565,0.10855012861846972,1663.5697991446682,4
CME_reline,CME,reline,backbone_O,choline_N,0.423,0.20273611111111112,0.0675787037037037,0.03952953903164639,1.2889392500028585,297.8092129493572,4
CME_reline,CME,reline,backbone_O,water_O,0.338,2.7361805555555554,0.9120601851851851,0.3357831397584562,8.888878874271807,80.75041307896859,4
CME_reline,CME,reline,motif_Cys,choline_N,0.442,0.09133333333333334,0.09133333333333334,0.006648673149285814,0.09695078621024192,1912.5185252043793,4
CME_reline,CME,reline,motif_Cys,urea_N,0.447,0.43790277777777775,0.43790277777777775,0.019439215412217534,0.12743259140899035,1432.791517783462,4
CME_reline,CME,reline,motif_Cys,urea_O,0.377,0.09370833333333334,0.09370833333333334,0.005597109480374143,0.06394437471733491,3115.3914063463158,4
CME_reline,CME,reline,motif_Glu,choline_N,0.548,0.5598333333333334,0.2799166666666667,0.034489762040875296,0.29396947984183014,685.4025975300153,4
CME_reline,CME,reline,motif_Glu,urea_N,0.392,0.41918055555555556,0.20959027777777778,0.021226892081917546,0.0984656743282327,1872.6179337442443,4
CME_reline,CME,reline,motif_Glu,water_O,0.327,5.225041666666667,2.6125208333333334,0.2422900417557439,5.4762121941688235,264.1271658898863,4
CME_reline,CME,reline,motif_Met,choline_N,0.447,0.12454166666666666,0.12454166666666666,0.00755778490179292,0.09550785215734142,1948.8145660873497,4
CME_reline,CME,reline,motif_Met,urea_N,0.433,0.3793333333333333,0.3793333333333333,0.015886264468097426,0.10280311054559307,1806.7480088611994,4
CME_water,CME,water,backbone_O,water_O,0.338,2.4957777777777777,0.831925925925926,0.2833600115486251,6.3626277702354015,45.54040817022561,4
CME_water,CME,water,motif_Glu,water_O,0.327,5.129333333333333,2.5646666666666667,0.11310517223992007,1.5250618997587817,151.47026096354705,4
GGE_glyceline,GGE,glyceline,backbone_O,choline_N,0.423,0.3175138888888889,0.10583796296296297,0.02994018020798231,0.5262095666478377,385.26972694638846,4
GGE_glyceline,GGE,glyceline,backbone_O,water_O,0.338,4.1495,1.3831666666666667,0.2638493424159122,4.41194124288586,115.31085656964251,4
GGE_glyceline,GGE,glyceline,flank_Glu,choline_N,0.527,1.3800138888888889,0.2300023148148148,0.045280320678925,0.20503473313632167,881.16270517903,4
GGE_glyceline,GGE,glyceline,flank_Glu,glycerol_O,0.317,1.8526805555555557,0.3087800925925926,0.07191815685410326,0.335024046332683,539.6772586951724,4
GGE_glyceline,GGE,glyceline,flank_Glu,water_O,0.327,16.76013888888889,2.7933564814814815,0.09193044639413295,0.26113378355971884,694.2318703866218,4
GGE_glyceline,GGE,glyceline,motif_Glu,choline_N,0.548,0.536,0.268,0.028167113691385335,0.20692888558369538,906.6464485254431,4
GGE_glyceline,GGE,glyceline,motif_Glu,glycerol_O,0.317,0.6308888888888888,0.3154444444444444,0.04387666212141792,0.3578716636959673,513.734592874055,4
GGE_glyceline,GGE,glyceline,motif_Glu,water_O,0.327,5.508986111111111,2.7544930555555553,0.06101636199893231,0.333709352542257,558.2414690360108,4
GGE_reline,GGE,reline,backbone_O,choline_N,0.423,0.4776666666666667,0.15922222222222224,0.04244105085034967,0.508653791911514,354.3460851457867,3
GGE_reline,GGE,reline,backbone_O,urea_N,0.423,0.9229074074074074,0.3076358024691358,0.046022373393468985,0.18240845610343362,1007.9501536666379,3
GGE_reline,GGE,reline,backbone_O,urea_O,0.562,1.284888888888889,0.42829629629629623,0.058249838083290484,0.25870618201122086,734.4512870237619,3
GGE_reline,GGE,reline,backbone_O,water_O,0.338,4.827851851851851,1.609283950617284,0.13498137390790627,0.9768615820944725,312.68688446237195,3
GGE_reline,GGE,reline,flank_Glu,choline_N,0.527,1.7650185185185183,0.29416975308641974,0.055129656572592445,0.18236060523734574,1080.809335756273,3
GGE_reline,GGE,reline,flank_Glu,urea_N,0.392,1.3552222222222223,0.22587037037037036,0.04383057125758585,0.09336276824183738,1936.1820571401183,3
GGE_reline,GGE,reline,flank_Glu,water_O,0.327,17.974907407407407,2.995817901234568,0.0530729332337258,0.09832427985542523,1839.1001374495092,3
GGE_reline,GGE,reline,motif_Glu,choline_N,0.548,0.6285,0.31425,0.035363001809240485,0.20843501505958306,875.1281810207878,3
GGE_reline,GGE,reline,motif_Glu,urea_N,0.392,0.45844444444444443,0.22922222222222222,0.02619510486023059,0.09874990353482678,1832.8262786958478,3
GGE_reline,GGE,reline,motif_Glu,water_O,0.327,5.903296296296297,2.9516481481481485,0.045282265877422734,0.20084276428298528,905.8550821207255,3
GGE_water,GGE,water,backbone_O,water_O,0.338,5.097361111111111,1.6991203703703703,0.3029599095411866,5.531491988275572,49.17710101751007,4
GGE_water,GGE,water,flank_Glu,water_O,0.327,19.856416666666668,3.3094027777777777,0.023193984501220854,0.03453422949666442,5946.4384661850445,4
GGE_water,GGE,water,motif_Glu,water_O,0.327,6.529152777777778,3.264576388888889,0.025507865605802576,0.11184395428713381,2384.2750688468946,4
YIY_glyceline,YIY,glyceline,backbone_O,choline_N,0.423,0.2756111111111111,0.09187037037037037,0.039127118865679954,0.8424056468892068,341.8184241943575,4
YIY_glyceline,YIY,glyceline,backbone_O,glycerol_O,0.322,0.3205972222222222,0.10686574074074073,0.01839067272840313,0.16174214513258992,1122.8075714857641,4
YIY_glyceline,YIY,glyceline,backbone_O,water_O,0.338,4.228805555555556,1.4096018518518518,0.05463751315908083,0.2887184910574073,681.5804522488909,4
YIY_glyceline,YIY,glyceline,motif_Tyr,chloride,0.382,0.05694444444444444,0.02847222222222222,0.0033320752908778672,0.036950126139604494,5030.824790029583,4
YIY_glyceline,YIY,glyceline,motif_Tyr,glycerol_O,0.538,2.338722222222222,1.169361111111111,0.05722203456575029,0.16834685624634182,1075.0285285521288,4
YIY_glyceline,YIY,glyceline,motif_Tyr,water_O,0.358,5.4552499999999995,2.7276249999999997,0.026359654802494945,0.051575510999760044,3548.4111849476967,4
YIY_reline,YIY,reline,backbone_O,choline_N,0.423,0.24615277777777778,0.08205092592592593,0.02349484402917183,0.4135633168369296,447.07771964159645,4
YIY_reline,YIY,reline,backbone_O,urea_N,0.423,0.8988888888888888,0.29962962962962963,0.0377477462277487,0.1879525300876854,967.3211956997568,4
YIY_reline,YIY,reline,backbone_O,urea_O,0.562,1.5150833333333333,0.5050277777777777,0.10544226585421317,0.8042524250645109,464.77126418502064,4
YIY_reline,YIY,reline,backbone_O,water_O,0.338,4.270236111111111,1.4234120370370371,0.05125823721205011,0.27559441034564847,713.8258977881161,4
YIY_reline,YIY,reline,motif_Tyr,chloride,0.382,0.07759722222222222,0.03879861111111111,0.004123936568404893,0.04241217164276597,4287.721851298974,4
YIY_reline,YIY,reline,motif_Tyr,urea_N,0.387,0.5546388888888889,0.27731944444444445,0.013998142274033358,0.05591803599908518,3239.3890751763656,4
YIY_reline,YIY,reline,motif_Tyr,urea_O,0.312,0.09976388888888889,0.049881944444444444,0.005361646123627922,0.055893898685852074,3324.7228152502094,4
YIY_reline,YIY,reline,motif_Tyr,water_O,0.358,5.3809861111111115,2.6904930555555557,0.023477003059684656,0.04092031527317705,4418.49306349885,4
YIY_water,YIY,water,backbone_O,water_O,0.338,5.400416666666667,1.800138888888889,0.06645703388520273,0.5048209548519922,694.4689214495271,4
YIY_water,YIY,water,motif_Tyr,water_O,0.358,6.692430555555555,3.3462152777777776,0.016320209812429178,0.020889678771224277,9036.929901142921,4
